Report ID,Reporting Entity,reported_automation_level,predicted_automation_level,disagreement_confidence,classifier_model,classifier_flag_threshold,top_contributing_heuristic_flags,heuristic_reasons
13781-9861,"Tesla, Inc.",Level 2 ADAS,ADS,0.9997944867545552,lightgbm,0.59,,
30711-7649,Pony.ai,Level 2 ADAS,ADS,0.9997720678667129,lightgbm,0.59,,
669-1762,Hyundai Motor America,ADS,Level 2 ADAS,0.9959400892703687,lightgbm,0.59,,
540-6944,"General Motors, LLC",Level 2 ADAS,ADS,0.9945386730536815,lightgbm,0.59,,
30291-10128,Nuro,Level 2 ADAS,ADS,0.9943801928188997,lightgbm,0.59,,
502-10412,Ford Motor Company,Level 2 ADAS,ADS,0.9919950994248787,lightgbm,0.59,,
28349-8482,"Lucid USA, Inc.",Level 2 ADAS,ADS,0.9855492960496499,lightgbm,0.59,,
13781-7574,"Tesla, Inc.",Level 2 ADAS,ADS,0.9755368486377328,lightgbm,0.59,,
540-6884,"General Motors, LLC",Level 2 ADAS,ADS,0.9689511719111906,lightgbm,0.59,,
855-9284,"Mercedes-Benz USA, LLC",Level 2 ADAS,ADS,0.9667261818337629,lightgbm,0.59,,
13781-10735,"Tesla, Inc.",Level 2 ADAS,ADS,0.9553757956298359,lightgbm,0.59,,
29990-9652,"Rivian Automotive, LLC",Level 2 ADAS,ADS,0.9198008817930128,lightgbm,0.59,,
10561-8671,APTIV,Level 2 ADAS,ADS,0.9183764724224867,lightgbm,0.59,,
13781-7197,"Tesla, Inc.",Level 2 ADAS,ADS,0.9150239027731955,lightgbm,0.59,,
29990-10074,"Rivian Automotive, LLC",Level 2 ADAS,ADS,0.9008972544437064,lightgbm,0.59,,
13781-9731,"Tesla, Inc.",Level 2 ADAS,ADS,0.8614895473022759,lightgbm,0.59,,
13781-10132,"Tesla, Inc.",Level 2 ADAS,ADS,0.8582090828038571,lightgbm,0.59,,
13781-7638,"Tesla, Inc.",Level 2 ADAS,ADS,0.8333557789230994,lightgbm,0.59,,
28349-1805,"Lucid USA, Inc.",Level 2 ADAS,ADS,0.7591689249998573,lightgbm,0.59,,
855-3183,"Mercedes-Benz USA, LLC",ADS,Level 2 ADAS,0.6309748103918666,lightgbm,0.59,,
