Report ID,Reporting Entity,reported_automation_level,consensus_score,consensus_tier,review_priority,heuristic_disagrees,phase1_disagrees,phase2_disagrees,phase2_available,phase1_predicted_automation_level,phase1_prediction_confidence,phase2_llm_inferred_automation_level,heuristic_rules_triggered,phase2_disagreement_category,responsible_use
30270-11019,Waymo LLC,ADS,1,single_signal,review,False,False,True,True,ADS,0.9999405918783478,Level 2 ADAS,,phase1_phase2_disagree,"Consensus rows are review candidates only. Multiple methods disagreeing with the reported label raises review priority; it is not a confirmed misclassification, safety ranking, or safety-rate claim."
30270-7159,Waymo LLC,ADS,1,single_signal,review,True,False,False,False,ADS,0.9999369528272457,,ads_file_but_adas_engaged,,"Consensus rows are review candidates only. Multiple methods disagreeing with the reported label raises review priority; it is not a confirmed misclassification, safety ranking, or safety-rate claim."
30531-1984,Transdev Alternative Services,ADS,1,single_signal,review,True,False,False,False,ADS,0.9999276790309142,,ads_file_but_adas_engaged,,"Consensus rows are review candidates only. Multiple methods disagreeing with the reported label raises review priority; it is not a confirmed misclassification, safety ranking, or safety-rate claim."
30610-10473,"Zoox, Inc.",ADS,1,single_signal,review,False,False,True,True,ADS,0.9999238778229758,Level 2 ADAS,,phase1_phase2_disagree,"Consensus rows are review candidates only. Multiple methods disagreeing with the reported label raises review priority; it is not a confirmed misclassification, safety ranking, or safety-rate claim."
30270-11066,Waymo LLC,ADS,1,single_signal,review,False,False,True,True,ADS,0.9999219793037478,Level 2 ADAS,,phase1_phase2_disagree,"Consensus rows are review candidates only. Multiple methods disagreeing with the reported label raises review priority; it is not a confirmed misclassification, safety ranking, or safety-rate claim."
30270-11016,Waymo LLC,ADS,1,single_signal,review,False,False,True,True,ADS,0.9999205073013424,Level 2 ADAS,,phase1_phase2_disagree,"Consensus rows are review candidates only. Multiple methods disagreeing with the reported label raises review priority; it is not a confirmed misclassification, safety ranking, or safety-rate claim."
30270-10964,Waymo LLC,ADS,1,single_signal,review,False,False,True,True,ADS,0.9999154228529402,Level 2 ADAS,,phase1_phase2_disagree,"Consensus rows are review candidates only. Multiple methods disagreeing with the reported label raises review priority; it is not a confirmed misclassification, safety ranking, or safety-rate claim."
30270-10969,Waymo LLC,ADS,1,single_signal,review,False,False,True,True,ADS,0.9999063564394863,Level 2 ADAS,,phase1_phase2_disagree,"Consensus rows are review candidates only. Multiple methods disagreeing with the reported label raises review priority; it is not a confirmed misclassification, safety ranking, or safety-rate claim."
30410-5003,Motional,ADS,1,single_signal,review,True,False,False,False,ADS,0.9998976176889115,,ads_file_but_adas_engaged,,"Consensus rows are review candidates only. Multiple methods disagreeing with the reported label raises review priority; it is not a confirmed misclassification, safety ranking, or safety-rate claim."
30530-4264,"Aurora Operations, Inc.",ADS,1,single_signal,review,True,False,False,False,ADS,0.9998880132351687,,ads_file_but_adas_engaged,,"Consensus rows are review candidates only. Multiple methods disagreeing with the reported label raises review priority; it is not a confirmed misclassification, safety ranking, or safety-rate claim."
30590-3431,Apple Inc.,ADS,1,single_signal,review,True,False,False,False,ADS,0.999877584643328,,ads_narrative_level2_language,,"Consensus rows are review candidates only. Multiple methods disagreeing with the reported label raises review priority; it is not a confirmed misclassification, safety ranking, or safety-rate claim."
30610-2227,"Zoox, Inc.",ADS,1,single_signal,review,True,False,False,False,ADS,0.9998695946595032,,ads_file_but_adas_engaged,,"Consensus rows are review candidates only. Multiple methods disagreeing with the reported label raises review priority; it is not a confirmed misclassification, safety ranking, or safety-rate claim."
30330-3561,"TORC Robotics, Inc.",ADS,1,single_signal,review,True,False,False,False,ADS,0.99983744547548,,ads_narrative_level2_language,,"Consensus rows are review candidates only. Multiple methods disagreeing with the reported label raises review priority; it is not a confirmed misclassification, safety ranking, or safety-rate claim."
30792-9317,WeRide Corp,ADS,1,single_signal,review,True,False,False,False,ADS,0.999810491965591,,ads_narrative_level2_language,,"Consensus rows are review candidates only. Multiple methods disagreeing with the reported label raises review priority; it is not a confirmed misclassification, safety ranking, or safety-rate claim."
13781-9861,"Tesla, Inc.",Level 2 ADAS,1,single_signal,review,False,True,False,False,ADS,0.9997944867545552,,,,"Consensus rows are review candidates only. Multiple methods disagreeing with the reported label raises review priority; it is not a confirmed misclassification, safety ranking, or safety-rate claim."
30290-3347,Argo AI,ADS,1,single_signal,review,True,False,False,False,ADS,0.9997921941267673,,ads_narrative_level2_language,,"Consensus rows are review candidates only. Multiple methods disagreeing with the reported label raises review priority; it is not a confirmed misclassification, safety ranking, or safety-rate claim."
12381-3557,"Daimler Trucks North America, LLC",ADS,1,single_signal,review,True,False,False,False,ADS,0.9997885110627159,,ads_narrative_level2_language,,"Consensus rows are review candidates only. Multiple methods disagreeing with the reported label raises review priority; it is not a confirmed misclassification, safety ranking, or safety-rate claim."
30711-7649,Pony.ai,Level 2 ADAS,1,single_signal,review,False,True,False,False,ADS,0.9997720678667129,,,,"Consensus rows are review candidates only. Multiple methods disagreeing with the reported label raises review priority; it is not a confirmed misclassification, safety ranking, or safety-rate claim."
30711-6431,Pony.ai,ADS,1,single_signal,review,True,False,False,False,ADS,0.9997443156567551,,ads_narrative_level2_language,,"Consensus rows are review candidates only. Multiple methods disagreeing with the reported label raises review priority; it is not a confirmed misclassification, safety ranking, or safety-rate claim."
502-3416,Ford Motor Company,ADS,1,single_signal,review,True,False,False,False,ADS,0.9997240218791296,,ads_narrative_level2_language,,"Consensus rows are review candidates only. Multiple methods disagreeing with the reported label raises review priority; it is not a confirmed misclassification, safety ranking, or safety-rate claim."
30270-10923,Waymo LLC,ADS,1,single_signal,review,False,False,True,True,ADS,0.999720977092835,Level 2 ADAS,,phase1_phase2_disagree,"Consensus rows are review candidates only. Multiple methods disagreeing with the reported label raises review priority; it is not a confirmed misclassification, safety ranking, or safety-rate claim."
30270-10660,Waymo LLC,ADS,1,single_signal,review,False,False,True,True,ADS,0.9996629674324051,Level 2 ADAS,,phase1_phase2_disagree,"Consensus rows are review candidates only. Multiple methods disagreeing with the reported label raises review priority; it is not a confirmed misclassification, safety ranking, or safety-rate claim."
30610-4217,"Zoox, Inc.",ADS,1,single_signal,review,True,False,False,False,ADS,0.9995706023556032,,ads_narrative_level2_language,,"Consensus rows are review candidates only. Multiple methods disagreeing with the reported label raises review priority; it is not a confirmed misclassification, safety ranking, or safety-rate claim."
30412-8748,Cruise LLC,ADS,1,single_signal,review,True,False,False,False,ADS,0.9994714490711976,,ads_narrative_level2_language,,"Consensus rows are review candidates only. Multiple methods disagreeing with the reported label raises review priority; it is not a confirmed misclassification, safety ranking, or safety-rate claim."
30391-8984,Kodiak Robotics,ADS,1,single_signal,review,True,False,False,False,ADS,0.9994017642449498,,ads_narrative_level2_language,,"Consensus rows are review candidates only. Multiple methods disagreeing with the reported label raises review priority; it is not a confirmed misclassification, safety ranking, or safety-rate claim."
988-9101,PACCAR Incorporated,ADS,1,single_signal,review,True,False,False,False,ADS,0.9994017642449498,,ads_narrative_level2_language,,"Consensus rows are review candidates only. Multiple methods disagreeing with the reported label raises review priority; it is not a confirmed misclassification, safety ranking, or safety-rate claim."
30792-1699,WeRide Corp,ADS,1,single_signal,review,True,False,False,False,ADS,0.9992308777301134,,ads_narrative_level2_language,,"Consensus rows are review candidates only. Multiple methods disagreeing with the reported label raises review priority; it is not a confirmed misclassification, safety ranking, or safety-rate claim."
12381-3438,"Daimler Trucks North America, LLC",ADS,1,single_signal,review,True,False,False,False,ADS,0.9985938522825857,,ads_narrative_level2_language,,"Consensus rows are review candidates only. Multiple methods disagreeing with the reported label raises review priority; it is not a confirmed misclassification, safety ranking, or safety-rate claim."
30711-7848,Pony.ai,ADS,1,single_signal,review,True,False,False,False,ADS,0.9984969432966663,,ads_file_but_adas_engaged; ads_narrative_level2_language,,"Consensus rows are review candidates only. Multiple methods disagreeing with the reported label raises review priority; it is not a confirmed misclassification, safety ranking, or safety-rate claim."
30791-10003,AutoX Technologies Inc,ADS,1,single_signal,review,True,False,False,False,ADS,0.9984473972048123,,ads_narrative_level2_language,,"Consensus rows are review candidates only. Multiple methods disagreeing with the reported label raises review priority; it is not a confirmed misclassification, safety ranking, or safety-rate claim."
30690-4793,Robotic Research,ADS,1,single_signal,review,True,False,False,False,ADS,0.9980759546733957,,ads_label_but_consumer_driver,,"Consensus rows are review candidates only. Multiple methods disagreeing with the reported label raises review priority; it is not a confirmed misclassification, safety ranking, or safety-rate claim."
30590-1482,Apple Inc.,ADS,1,single_signal,review,True,False,False,False,ADS,0.9978846548628104,,ads_narrative_level2_language,,"Consensus rows are review candidates only. Multiple methods disagreeing with the reported label raises review priority; it is not a confirmed misclassification, safety ranking, or safety-rate claim."
669-1762,Hyundai Motor America,ADS,1,single_signal,review,False,True,False,False,Level 2 ADAS,0.9959400892703687,,,,"Consensus rows are review candidates only. Multiple methods disagreeing with the reported label raises review priority; it is not a confirmed misclassification, safety ranking, or safety-rate claim."
33257-8867,"VinFast Auto, LLC",ADS,1,single_signal,review,True,False,False,False,ADS,0.9957711355282568,,ads_file_but_adas_engaged; ads_label_but_consumer_driver,,"Consensus rows are review candidates only. Multiple methods disagreeing with the reported label raises review priority; it is not a confirmed misclassification, safety ranking, or safety-rate claim."
33257-8638,"VinFast Auto, LLC",ADS,1,single_signal,review,True,False,False,False,ADS,0.9956576906891967,,ads_file_but_adas_engaged; ads_label_but_consumer_driver,,"Consensus rows are review candidates only. Multiple methods disagreeing with the reported label raises review priority; it is not a confirmed misclassification, safety ranking, or safety-rate claim."
30330-3482,"TORC Robotics, Inc.",ADS,1,single_signal,review,True,False,False,False,ADS,0.9947564567364393,,ads_narrative_level2_language,,"Consensus rows are review candidates only. Multiple methods disagreeing with the reported label raises review priority; it is not a confirmed misclassification, safety ranking, or safety-rate claim."
540-6944,"General Motors, LLC",Level 2 ADAS,1,single_signal,review,False,True,False,False,ADS,0.9945386730536815,,,,"Consensus rows are review candidates only. Multiple methods disagreeing with the reported label raises review priority; it is not a confirmed misclassification, safety ranking, or safety-rate claim."
30291-10128,Nuro,Level 2 ADAS,1,single_signal,review,False,True,False,False,ADS,0.9943801928188997,,,,"Consensus rows are review candidates only. Multiple methods disagreeing with the reported label raises review priority; it is not a confirmed misclassification, safety ranking, or safety-rate claim."
273-2632,"Chrysler (FCA US, LLC)",ADS,1,single_signal,review,True,False,False,False,ADS,0.9939837241668265,,ads_file_but_adas_engaged; ads_label_but_consumer_driver,,"Consensus rows are review candidates only. Multiple methods disagreeing with the reported label raises review priority; it is not a confirmed misclassification, safety ranking, or safety-rate claim."
30610-10294,"Zoox, Inc.",ADS,1,single_signal,review,False,False,True,True,ADS,0.9927206384741182,Level 2 ADAS,,phase1_phase2_disagree,"Consensus rows are review candidates only. Multiple methods disagreeing with the reported label raises review priority; it is not a confirmed misclassification, safety ranking, or safety-rate claim."
10003-2932,"Navistar, Inc.",ADS,1,single_signal,review,True,False,False,False,ADS,0.9922781966096879,,ads_label_but_consumer_driver,,"Consensus rows are review candidates only. Multiple methods disagreeing with the reported label raises review priority; it is not a confirmed misclassification, safety ranking, or safety-rate claim."
502-10412,Ford Motor Company,Level 2 ADAS,1,single_signal,review,False,True,False,False,ADS,0.9919950994248787,,,,"Consensus rows are review candidates only. Multiple methods disagreeing with the reported label raises review priority; it is not a confirmed misclassification, safety ranking, or safety-rate claim."
30415-1317,NAVYA Inc.,ADS,1,single_signal,review,True,False,False,False,ADS,0.9912825790056609,,ads_label_but_consumer_driver,,"Consensus rows are review candidates only. Multiple methods disagreeing with the reported label raises review priority; it is not a confirmed misclassification, safety ranking, or safety-rate claim."
30610-5224,"Zoox, Inc.",ADS,1,single_signal,review,True,False,False,False,ADS,0.989987261285875,,ads_narrative_level2_language,,"Consensus rows are review candidates only. Multiple methods disagreeing with the reported label raises review priority; it is not a confirmed misclassification, safety ranking, or safety-rate claim."
30413-9958,May Mobility,ADS,1,single_signal,review,True,False,False,False,ADS,0.985809906750462,,ads_narrative_level2_language,,"Consensus rows are review candidates only. Multiple methods disagreeing with the reported label raises review priority; it is not a confirmed misclassification, safety ranking, or safety-rate claim."
30590-6382,Apple Inc.,ADS,1,single_signal,review,True,False,False,False,ADS,0.9856118556692833,,ads_narrative_level2_language,,"Consensus rows are review candidates only. Multiple methods disagreeing with the reported label raises review priority; it is not a confirmed misclassification, safety ranking, or safety-rate claim."
28349-8482,"Lucid USA, Inc.",Level 2 ADAS,1,single_signal,review,False,True,False,False,ADS,0.9855492960496499,,,,"Consensus rows are review candidates only. Multiple methods disagreeing with the reported label raises review priority; it is not a confirmed misclassification, safety ranking, or safety-rate claim."
753-7780,"Kia America, Inc.",ADS,1,single_signal,review,True,False,False,False,ADS,0.9762050098938292,,ads_file_but_adas_engaged; ads_label_but_consumer_driver,,"Consensus rows are review candidates only. Multiple methods disagreeing with the reported label raises review priority; it is not a confirmed misclassification, safety ranking, or safety-rate claim."
28349-5694,"Lucid USA, Inc.",ADS,1,single_signal,review,True,False,False,False,ADS,0.9758463885301691,,ads_file_but_adas_engaged; ads_label_but_consumer_driver,,"Consensus rows are review candidates only. Multiple methods disagreeing with the reported label raises review priority; it is not a confirmed misclassification, safety ranking, or safety-rate claim."
13781-7574,"Tesla, Inc.",Level 2 ADAS,1,single_signal,review,False,True,False,False,ADS,0.9755368486377328,,,,"Consensus rows are review candidates only. Multiple methods disagreeing with the reported label raises review priority; it is not a confirmed misclassification, safety ranking, or safety-rate claim."
33257-8085,"VinFast Auto, LLC",ADS,1,single_signal,review,True,False,False,False,ADS,0.9707518485068478,,ads_file_but_adas_engaged,,"Consensus rows are review candidates only. Multiple methods disagreeing with the reported label raises review priority; it is not a confirmed misclassification, safety ranking, or safety-rate claim."
540-6884,"General Motors, LLC",Level 2 ADAS,1,single_signal,review,False,True,False,False,ADS,0.9689511719111906,,,,"Consensus rows are review candidates only. Multiple methods disagreeing with the reported label raises review priority; it is not a confirmed misclassification, safety ranking, or safety-rate claim."
30610-2151,"Zoox, Inc.",ADS,1,single_signal,review,True,False,False,False,ADS,0.9686865513087177,,ads_file_but_adas_engaged,,"Consensus rows are review candidates only. Multiple methods disagreeing with the reported label raises review priority; it is not a confirmed misclassification, safety ranking, or safety-rate claim."
855-9284,"Mercedes-Benz USA, LLC",Level 2 ADAS,1,single_signal,review,False,True,False,False,ADS,0.9667261818337629,,,,"Consensus rows are review candidates only. Multiple methods disagreeing with the reported label raises review priority; it is not a confirmed misclassification, safety ranking, or safety-rate claim."
13781-10735,"Tesla, Inc.",Level 2 ADAS,1,single_signal,review,False,True,False,False,ADS,0.9553757956298359,,,,"Consensus rows are review candidates only. Multiple methods disagreeing with the reported label raises review priority; it is not a confirmed misclassification, safety ranking, or safety-rate claim."
29990-9652,"Rivian Automotive, LLC",Level 2 ADAS,1,single_signal,review,False,True,False,False,ADS,0.9198008817930128,,,,"Consensus rows are review candidates only. Multiple methods disagreeing with the reported label raises review priority; it is not a confirmed misclassification, safety ranking, or safety-rate claim."
10561-8671,APTIV,Level 2 ADAS,1,single_signal,review,False,True,False,False,ADS,0.9183764724224867,,,,"Consensus rows are review candidates only. Multiple methods disagreeing with the reported label raises review priority; it is not a confirmed misclassification, safety ranking, or safety-rate claim."
669-5206,Hyundai Motor America,ADS,1,single_signal,review,True,False,False,False,ADS,0.9167298987869761,,ads_file_but_adas_engaged,,"Consensus rows are review candidates only. Multiple methods disagreeing with the reported label raises review priority; it is not a confirmed misclassification, safety ranking, or safety-rate claim."
13781-7197,"Tesla, Inc.",Level 2 ADAS,1,single_signal,review,False,True,False,False,ADS,0.9150239027731955,,,,"Consensus rows are review candidates only. Multiple methods disagreeing with the reported label raises review priority; it is not a confirmed misclassification, safety ranking, or safety-rate claim."
29990-10074,"Rivian Automotive, LLC",Level 2 ADAS,1,single_signal,review,False,True,False,False,ADS,0.9008972544437064,,,,"Consensus rows are review candidates only. Multiple methods disagreeing with the reported label raises review priority; it is not a confirmed misclassification, safety ranking, or safety-rate claim."
13781-9731,"Tesla, Inc.",Level 2 ADAS,1,single_signal,review,False,True,False,False,ADS,0.8614895473022759,,,,"Consensus rows are review candidates only. Multiple methods disagreeing with the reported label raises review priority; it is not a confirmed misclassification, safety ranking, or safety-rate claim."
13781-10132,"Tesla, Inc.",Level 2 ADAS,1,single_signal,review,False,True,False,False,ADS,0.8582090828038571,,,,"Consensus rows are review candidates only. Multiple methods disagreeing with the reported label raises review priority; it is not a confirmed misclassification, safety ranking, or safety-rate claim."
13781-7638,"Tesla, Inc.",Level 2 ADAS,1,single_signal,review,False,True,False,False,ADS,0.8333557789230994,,,,"Consensus rows are review candidates only. Multiple methods disagreeing with the reported label raises review priority; it is not a confirmed misclassification, safety ranking, or safety-rate claim."
1422-4087,"Volvo Car USA, LLC",ADS,1,single_signal,review,True,False,False,False,ADS,0.80898528709763,,ads_file_but_adas_engaged,,"Consensus rows are review candidates only. Multiple methods disagreeing with the reported label raises review priority; it is not a confirmed misclassification, safety ranking, or safety-rate claim."
28349-1805,"Lucid USA, Inc.",Level 2 ADAS,1,single_signal,review,False,True,False,False,ADS,0.7591689249998573,,,,"Consensus rows are review candidates only. Multiple methods disagreeing with the reported label raises review priority; it is not a confirmed misclassification, safety ranking, or safety-rate claim."
855-3183,"Mercedes-Benz USA, LLC",ADS,1,single_signal,review,False,True,False,False,Level 2 ADAS,0.6309748103918666,,,,"Consensus rows are review candidates only. Multiple methods disagreeing with the reported label raises review priority; it is not a confirmed misclassification, safety ranking, or safety-rate claim."
