Report ID,versions,old_label,new_label,dates,correction_kind,earlier_version,later_version,earlier_date,later_date,label_source,source_file,Reporting Entity,old_operator_type,new_operator_type,context_field_changes
10039-10316,3->4,Unknown,Level 2 ADAS,APR-2025->MAY-2025,other,3,4,APR-2025,MAY-2025,Automation System Engaged?,SGO-2021-01_Incident_Reports_ADAS.csv,"BMW of North America, LLC",Consumer,Consumer,SV Were All Passengers Belted?: Unknown -> Yes | SV Precrash Speed (MPH): (blank) -> 69 | Posted Speed Limit (MPH): (blank) -> 65
10039-4636,3->4,Unknown,Level 2 ADAS,JAN-2023->FEB-2023,other,3,4,JAN-2023,FEB-2023,Automation System Engaged?,SGO-2021-01_Incident_Reports_ADAS.csv,"BMW of North America, LLC",Consumer,Consumer,SV Pre-Crash Movement: Unknown -> Lane / Road Departure | SV Any Air Bags Deployed?: Unknown -> Yes
10039-4932,4->5,Unknown,Level 2 ADAS,APR-2023->MAY-2023,other,4,5,APR-2023,MAY-2023,Automation System Engaged?,SGO-2021-01_Incident_Reports_ADAS.csv,"BMW of North America, LLC",Consumer,Consumer,SV Precrash Speed (MPH): 70 -> 63
10039-5057,3->4,Unknown,Level 2 ADAS,APR-2023->MAY-2023,other,3,4,APR-2023,MAY-2023,Automation System Engaged?,SGO-2021-01_Incident_Reports_ADAS.csv,"BMW of North America, LLC",Consumer,Consumer,SV Precrash Speed (MPH): (blank) -> 84
10039-6029,4->5,Unknown,Level 2 ADAS,SEP-2023->OCT-2023,other,4,5,SEP-2023,OCT-2023,Automation System Engaged?,SGO-2021-01_Incident_Reports_ADAS.csv,"BMW of North America, LLC",Consumer,Consumer,Lighting: Unknown -> Daylight | Weather - Clear: (blank) -> Y | Weather - Unknown: Y -> (blank) | SV Any Air Bags Deployed?: Unknown -> Yes | SV Were All Passengers Belted?: Unknown -> Yes | SV Precrash Speed (MPH): 72 -> 33
10039-6771,2->3,Unknown,Level 2 ADAS,DEC-2023->JAN-2024,other,2,3,DEC-2023,JAN-2024,Automation System Engaged?,SGO-2021-01_Incident_Reports_ADAS.csv,"BMW of North America, LLC",Consumer,Consumer,Roadway Description: Unknown -> No Unusual Conditions | Lighting: Unknown -> Dawn / Dusk | SV Pre-Crash Movement: Changing Lanes -> Proceeding Straight | SV Precrash Speed (MPH): (blank) -> 72
10039-6833,3->4,Unknown,Level 2 ADAS,JAN-2024->FEB-2024,other,3,4,JAN-2024,FEB-2024,Automation System Engaged?,SGO-2021-01_Incident_Reports_ADAS.csv,"BMW of North America, LLC",Consumer,Consumer,SV Pre-Crash Movement: Unknown -> Proceeding Straight | SV Any Air Bags Deployed?: Unknown -> Yes | SV Precrash Speed (MPH): (blank) -> 59
10039-9040,3->4,Unknown,Level 2 ADAS,DEC-2024->JAN-2025,other,3,4,DEC-2024,JAN-2025,Automation System Engaged?,SGO-2021-01_Incident_Reports_ADAS.csv,"BMW of North America, LLC",Consumer,Consumer,Roadway Type: Unknown -> Rural Road | SV Precrash Speed (MPH): (blank) -> 63
10039-9844,1->2,Unknown,Level 2 ADAS,FEB-2025->FEB-2025,other,1,2,FEB-2025,FEB-2025,Automation System Engaged?,SGO-2021-01_Incident_Reports_ADAS.csv,"BMW of North America, LLC",Consumer,Consumer,SV Any Air Bags Deployed?: Unknown -> No | SV Precrash Speed (MPH): (blank) -> 22
10561-8671,1->2,Unknown,Level 2 ADAS,SEP-2024->OCT-2024,other,1,2,SEP-2024,OCT-2024,Automation System Engaged?,SGO-2021-01_Incident_Reports_ADAS.csv,APTIV,In-Vehicle (Commercial / Test),In-Vehicle (Commercial / Test),Roadway Surface: Unknown -> Dry | Roadway Description: Unknown -> No Unusual Conditions | Lighting: Unknown -> Daylight | Weather - Clear: (blank) -> Y | Weather - Unknown: Y -> (blank) | SV Precrash Speed (MPH): (blank) -> 28 | Posted Speed Limit (MPH): (blank) -> 30
1243-7252,2->3,Unknown,Level 2 ADAS,MAR-2024->APR-2024,other,2,3,MAR-2024,APR-2024,Automation System Engaged?,SGO-2021-01_Incident_Reports_ADAS.csv,"Subaru of America, Inc.",Consumer,Consumer,SV Pre-Crash Movement: Unknown -> Proceeding Straight
1306-3729,2->3,Level 2 ADAS,Unknown,SEP-2022->OCT-2022,other,2,3,SEP-2022,OCT-2022,Automation System Engaged?,SGO-2021-01_Incident_Reports_ADAS.csv,Toyota Motor Engineering & Manufacturing,Consumer,Consumer,
13781-10183,1->2,Unknown,Level 2 ADAS,MAR-2025->MAR-2025,other,1,2,MAR-2025,MAR-2025,Automation System Engaged?,SGO-2021-01_Incident_Reports_ADAS.csv,"Tesla, Inc.",Consumer,Consumer,Roadway Type: Unknown -> Highway / Freeway | Roadway Surface: Unknown -> Dry | Lighting: Unknown -> Dark - Lighted | Weather - Clear: (blank) -> Y | Weather - Unknown: Y -> (blank) | SV Precrash Speed (MPH): (blank) -> 47 | Posted Speed Limit (MPH): (blank) -> 65
13781-2543,1->2,Unknown,Level 2 ADAS,MAR-2022->MAR-2022,other,1,2,MAR-2022,MAR-2022,Automation System Engaged?,SGO-2021-01_Incident_Reports_ADAS.csv,"Tesla, Inc.",Consumer,Consumer,Roadway Surface: Unknown -> Dry | Roadway Description: Unknown -> No Unusual Conditions | Lighting: Unknown -> Dark - Lighted | Crash With: Unknown -> Other Fixed Object | CP Pre-Crash Movement: Unknown -> (blank) | SV Pre-Crash Movement: Unknown -> Making Right Turn | SV Precrash Speed (MPH): (blank) -> 20 | Posted Speed Limit (MPH): (blank) -> 30
13781-2600,1->2,Unknown,Level 2 ADAS,MAR-2022->APR-2022,other,1,2,MAR-2022,APR-2022,Automation System Engaged?,SGO-2021-01_Incident_Reports_ADAS.csv,"Tesla, Inc.",Consumer,Consumer,SV Any Air Bags Deployed?: Unknown -> Yes
13781-2828,2->3,ADS,Level 2 ADAS,MAY-2022->JUN-2022,automation_level,2,3,MAY-2022,JUN-2022,Automation System Engaged?,SGO-2021-01_Incident_Reports_ADAS.csv,"Tesla, Inc.",Consumer,Consumer,
13781-3483,2->3,Unknown,Level 2 ADAS,AUG-2022->AUG-2022,other,2,3,AUG-2022,AUG-2022,Automation System Engaged?,SGO-2021-01_Incident_Reports_ADAS.csv,"Tesla, Inc.",Consumer,Consumer,Property Damage?: Unknown -> Yes | SV Pre-Crash Movement: Unknown -> Proceeding Straight
13781-3910,1->2,Level 2 ADAS,Unknown,SEP-2022->SEP-2022,other,1,2,SEP-2022,SEP-2022,Automation System Engaged?,SGO-2021-01_Incident_Reports_ADAS.csv,"Tesla, Inc.",Consumer,Consumer,SV Pre-Crash Movement: Unknown -> Proceeding Straight
13781-4724,1->2,Level 2 ADAS,Unknown,JAN-2023->JAN-2023,other,1,2,JAN-2023,JAN-2023,Automation System Engaged?,SGO-2021-01_Incident_Reports_ADAS.csv,"Tesla, Inc.",Consumer,Consumer,Roadway Type: Unknown -> Highway / Freeway | Roadway Surface: Unknown -> Wet | Roadway Description: Unknown -> No Unusual Conditions | Lighting: Unknown -> Daylight | Weather - Cloudy: (blank) -> Y | Weather - Unknown: Y -> (blank) | SV Pre-Crash Movement: Unknown -> Proceeding Straight | SV Precrash Speed (MPH): (blank) -> 49 | Posted Speed Limit (MPH): (blank) -> 65
13781-5388,1->2,Unknown,Level 2 ADAS,APR-2023->MAY-2023,other,1,2,APR-2023,MAY-2023,Automation System Engaged?,SGO-2021-01_Incident_Reports_ADAS.csv,"Tesla, Inc.",Consumer,Consumer,SV Pre-Crash Movement: Unknown -> Proceeding Straight
13781-7567,2->3,Unknown,Level 2 ADAS,MAY-2024->MAY-2024,other,2,3,MAY-2024,MAY-2024,Automation System Engaged?,SGO-2021-01_Incident_Reports_ADAS.csv,"Tesla, Inc.",Consumer,Consumer,Roadway Surface: Unknown -> Dry | Roadway Description: Unknown -> No Unusual Conditions | Lighting: Unknown -> Daylight | Weather - Clear: (blank) -> Y | Weather - Unknown: Y -> (blank) | CP Pre-Crash Movement: Unknown -> Proceeding Straight | SV Pre-Crash Movement: Unknown -> Proceeding Straight | SV Any Air Bags Deployed?: Unknown -> No | SV Was Vehicle Towed?: Unknown -> Yes | SV Precrash Speed (MPH): (blank) -> 10 | Posted Speed Limit (MPH): (blank) -> 55
13781-7786,1->2,Unknown,Level 2 ADAS,MAY-2024->MAY-2024,other,1,2,MAY-2024,MAY-2024,Automation System Engaged?,SGO-2021-01_Incident_Reports_ADAS.csv,"Tesla, Inc.",Consumer,Consumer,
13781-7790,1->2,Unknown,Level 2 ADAS,MAY-2024->MAY-2024,other,1,2,MAY-2024,MAY-2024,Automation System Engaged?,SGO-2021-01_Incident_Reports_ADAS.csv,"Tesla, Inc.",Consumer,Consumer,
13781-8038,1->2,Level 2 ADAS,Unknown,JUL-2024->JUL-2024,other,1,2,JUL-2024,JUL-2024,Automation System Engaged?,SGO-2021-01_Incident_Reports_ADAS.csv,"Tesla, Inc.",Consumer,Consumer,"Roadway Surface: Unknown -> Dry | Roadway Description: Unknown -> No Unusual Conditions | Lighting: Unknown -> Daylight | Weather - Clear: (blank) -> Y | Weather - Unknown: Y -> (blank) | Crash With: Unknown -> Other, see Narrative | SV Pre-Crash Movement: Unknown -> Lane / Road Departure | SV Precrash Speed (MPH): (blank) -> 66 | Posted Speed Limit (MPH): (blank) -> 65"
13781-8068,1->2,Level 2 ADAS,Unknown,JUL-2024->JUL-2024,other,1,2,JUL-2024,JUL-2024,Automation System Engaged?,SGO-2021-01_Incident_Reports_ADAS.csv,"Tesla, Inc.",Consumer,Consumer,
13781-8073,1->2,Level 2 ADAS,Unknown,JUL-2024->JUL-2024,other,1,2,JUL-2024,JUL-2024,Automation System Engaged?,SGO-2021-01_Incident_Reports_ADAS.csv,"Tesla, Inc.",Consumer,Consumer,
13781-9021,1->2,Level 2 ADAS,Unknown,NOV-2024->NOV-2024,other,1,2,NOV-2024,NOV-2024,Automation System Engaged?,SGO-2021-01_Incident_Reports_ADAS.csv,"Tesla, Inc.",Consumer,Consumer,
1420-2863,1->2,Level 2 ADAS,Unknown,MAY-2022->MAY-2022,other,1,2,MAY-2022,MAY-2022,Automation System Engaged?,SGO-2021-01_Incident_Reports_ADAS.csv,"Volkswagen Group of America, Inc.",In-Vehicle (Commercial / Test),In-Vehicle (Commercial / Test),"SV Pre-Crash Movement: Stopped -> Other, see Narrative | Within ODD?: Unknown, see Narrative -> No, see Narrative | SV Precrash Speed (MPH): 0 -> 7"
30412-2173,1->2,Level 2 ADAS,ADS,JAN-2022->JAN-2022,automation_level,1,2,JAN-2022,JAN-2022,Automation System Engaged?,SGO-2021-01_Incident_Reports_ADS.csv,Cruise LLC,In-Vehicle and Remote (Commercial / Test),In-Vehicle and Remote (Commercial / Test),
31101-7044,1->2,(blank),ADS,JAN-2024->JAN-2024,other,1,2,JAN-2024,JAN-2024,Automation System Engaged?,SGO-2021-01_Incident_Reports_ADS.csv,Avride Inc.,,In-Vehicle (Commercial / Test),Driver / Operator Type: (blank) -> In-Vehicle (Commercial / Test) | Roadway Type: (blank) -> Street | Roadway Surface: (blank) -> Dry | Roadway Description: (blank) -> No Unusual Conditions | Lighting: (blank) -> Daylight | Weather - Clear: (blank) -> Y | Crash With: (blank) -> Passenger Car | Highest Injury Severity Alleged: (blank) -> No Injuries Reported | Property Damage?: (blank) -> No | CP Pre-Crash Movement: (blank) -> Proceeding Straight | SV Pre-Crash Movement: (blank) -> Stopped | SV Any Air Bags Deployed?: (blank) -> No | SV Was Vehicle Towed?: (blank) -> No | SV Were All Passengers Belted?: (blank) -> Yes | Within ODD?: (blank) -> Yes | SV Precrash Speed (MPH): (blank) -> 25 | Posted Speed Limit (MPH): (blank) -> 30
502-1697,1->2,(blank),ADS,NOV-2021->NOV-2021,other,1,2,NOV-2021,NOV-2021,Automation System Engaged?,SGO-2021-01_Incident_Reports_ADS.csv,Ford Motor Company,,In-Vehicle (Commercial / Test),Driver / Operator Type: (blank) -> In-Vehicle (Commercial / Test) | Roadway Type: (blank) -> Intersection | Roadway Surface: (blank) -> Dry | Roadway Description: (blank) -> No Unusual Conditions | Lighting: (blank) -> Daylight | Weather - Cloudy: (blank) -> Y | Crash With: (blank) -> SUV | Highest Injury Severity Alleged: (blank) -> No Injuries Reported | Property Damage?: (blank) -> Yes | CP Pre-Crash Movement: (blank) -> Making Right Turn | SV Pre-Crash Movement: (blank) -> Making Right Turn | SV Any Air Bags Deployed?: (blank) -> No | SV Was Vehicle Towed?: (blank) -> No | SV Were All Passengers Belted?: (blank) -> Yes | SV Precrash Speed (MPH): (blank) -> 0 | Posted Speed Limit (MPH): (blank) -> 25
502-2973,1->2,(blank),ADS,MAY-2022->JUN-2022,other,1,2,MAY-2022,JUN-2022,Automation System Engaged?,SGO-2021-01_Incident_Reports_ADS.csv,Ford Motor Company,,In-Vehicle (Commercial / Test),Driver / Operator Type: (blank) -> In-Vehicle (Commercial / Test) | Roadway Type: (blank) -> Intersection | Roadway Surface: (blank) -> Dry | Roadway Description: (blank) -> No Unusual Conditions | Lighting: (blank) -> Daylight | Weather - Clear: (blank) -> Y | Crash With: (blank) -> Heavy Truck | Highest Injury Severity Alleged: (blank) -> No Injuries Reported | Property Damage?: (blank) -> Yes | CP Pre-Crash Movement: (blank) -> Proceeding Straight | SV Pre-Crash Movement: (blank) -> Stopped | SV Any Air Bags Deployed?: (blank) -> No | SV Was Vehicle Towed?: (blank) -> No | SV Were All Passengers Belted?: (blank) -> Yes | SV Precrash Speed (MPH): (blank) -> 0 | Posted Speed Limit (MPH): (blank) -> 25
540-1517,1->2,(blank),ADS,OCT-2021->JUL-2024,other,1,2,OCT-2021,JUL-2024,Automation System Engaged?,SGO-2021-01_Incident_Reports_ADS.csv,"General Motors, LLC",In-Vehicle and Remote (Commercial / Test),In-Vehicle and Remote (Commercial / Test),"Within ODD?: (blank) -> Unknown, see Narrative"
540-3753,2->3,Unknown,ADS,SEP-2022->SEP-2024,other,2,3,SEP-2022,SEP-2024,Automation System Engaged?,SGO-2021-01_Incident_Reports_ADS.csv,"General Motors, LLC",In-Vehicle (Commercial / Test),In-Vehicle and Remote (Commercial / Test),Driver / Operator Type: In-Vehicle (Commercial / Test) -> In-Vehicle and Remote (Commercial / Test)
62-1137,1->2,Level 2 ADAS,Unknown,AUG-2021->FEB-2022,other,1,2,AUG-2021,FEB-2022,Automation System Engaged?,SGO-2021-01_Incident_Reports_ADAS.csv,Honda (American Honda Motor Co.),Consumer,Consumer,"Within ODD?: (blank) -> Unknown, see Narrative"
62-1141,1->2,Level 2 ADAS,Unknown,AUG-2021->FEB-2022,other,1,2,AUG-2021,FEB-2022,Automation System Engaged?,SGO-2021-01_Incident_Reports_ADAS.csv,Honda (American Honda Motor Co.),Consumer,Consumer,"Within ODD?: (blank) -> Unknown, see Narrative"
62-1142,1->2,Level 2 ADAS,Unknown,AUG-2021->FEB-2022,other,1,2,AUG-2021,FEB-2022,Automation System Engaged?,SGO-2021-01_Incident_Reports_ADAS.csv,Honda (American Honda Motor Co.),Consumer,Consumer,"Within ODD?: (blank) -> Unknown, see Narrative"
62-1143,1->2,Level 2 ADAS,Unknown,AUG-2021->FEB-2022,other,1,2,AUG-2021,FEB-2022,Automation System Engaged?,SGO-2021-01_Incident_Reports_ADAS.csv,Honda (American Honda Motor Co.),Consumer,Consumer,"Within ODD?: (blank) -> Unknown, see Narrative"
62-1144,1->2,Level 2 ADAS,Unknown,AUG-2021->FEB-2022,other,1,2,AUG-2021,FEB-2022,Automation System Engaged?,SGO-2021-01_Incident_Reports_ADAS.csv,Honda (American Honda Motor Co.),Consumer,Consumer,"Within ODD?: (blank) -> Unknown, see Narrative"
62-1145,1->2,Level 2 ADAS,Unknown,AUG-2021->FEB-2022,other,1,2,AUG-2021,FEB-2022,Automation System Engaged?,SGO-2021-01_Incident_Reports_ADAS.csv,Honda (American Honda Motor Co.),Consumer,Consumer,"Within ODD?: (blank) -> Unknown, see Narrative"
62-1213,1->2,Level 2 ADAS,Unknown,SEP-2021->FEB-2022,other,1,2,SEP-2021,FEB-2022,Automation System Engaged?,SGO-2021-01_Incident_Reports_ADAS.csv,Honda (American Honda Motor Co.),Consumer,Consumer,"Within ODD?: (blank) -> Unknown, see Narrative"
62-1320,1->2,Level 2 ADAS,Unknown,SEP-2021->FEB-2022,other,1,2,SEP-2021,FEB-2022,Automation System Engaged?,SGO-2021-01_Incident_Reports_ADAS.csv,Honda (American Honda Motor Co.),Consumer,Consumer,"Within ODD?: (blank) -> Unknown, see Narrative"
62-1330,1->2,Level 2 ADAS,Unknown,SEP-2021->FEB-2022,other,1,2,SEP-2021,FEB-2022,Automation System Engaged?,SGO-2021-01_Incident_Reports_ADAS.csv,Honda (American Honda Motor Co.),Consumer,Consumer,"Within ODD?: (blank) -> Unknown, see Narrative"
62-1354,1->2,Level 2 ADAS,Unknown,SEP-2021->FEB-2022,other,1,2,SEP-2021,FEB-2022,Automation System Engaged?,SGO-2021-01_Incident_Reports_ADAS.csv,Honda (American Honda Motor Co.),Consumer,Consumer,"Within ODD?: (blank) -> Unknown, see Narrative"
62-1358,1->2,Level 2 ADAS,Unknown,SEP-2021->FEB-2022,other,1,2,SEP-2021,FEB-2022,Automation System Engaged?,SGO-2021-01_Incident_Reports_ADAS.csv,Honda (American Honda Motor Co.),Consumer,Consumer,"Within ODD?: (blank) -> Unknown, see Narrative"
62-1370,1->2,Level 2 ADAS,Unknown,OCT-2021->FEB-2022,other,1,2,OCT-2021,FEB-2022,Automation System Engaged?,SGO-2021-01_Incident_Reports_ADAS.csv,Honda (American Honda Motor Co.),Consumer,Consumer,"Within ODD?: (blank) -> Unknown, see Narrative"
62-1373,1->2,Level 2 ADAS,Unknown,OCT-2021->FEB-2022,other,1,2,OCT-2021,FEB-2022,Automation System Engaged?,SGO-2021-01_Incident_Reports_ADAS.csv,Honda (American Honda Motor Co.),Consumer,Consumer,"Within ODD?: (blank) -> Unknown, see Narrative"
62-1386,1->2,Level 2 ADAS,Unknown,OCT-2021->FEB-2022,other,1,2,OCT-2021,FEB-2022,Automation System Engaged?,SGO-2021-01_Incident_Reports_ADAS.csv,Honda (American Honda Motor Co.),Consumer,Consumer,"Within ODD?: (blank) -> Unknown, see Narrative"
62-1524,1->2,Level 2 ADAS,Unknown,OCT-2021->FEB-2022,other,1,2,OCT-2021,FEB-2022,Automation System Engaged?,SGO-2021-01_Incident_Reports_ADAS.csv,Honda (American Honda Motor Co.),Consumer,Consumer,"Within ODD?: (blank) -> Unknown, see Narrative"
62-1525,1->2,Level 2 ADAS,Unknown,OCT-2021->FEB-2022,other,1,2,OCT-2021,FEB-2022,Automation System Engaged?,SGO-2021-01_Incident_Reports_ADAS.csv,Honda (American Honda Motor Co.),Consumer,Consumer,"Within ODD?: (blank) -> Unknown, see Narrative"
62-1526,1->2,Level 2 ADAS,Unknown,OCT-2021->FEB-2022,other,1,2,OCT-2021,FEB-2022,Automation System Engaged?,SGO-2021-01_Incident_Reports_ADAS.csv,Honda (American Honda Motor Co.),Consumer,Consumer,"Within ODD?: (blank) -> Unknown, see Narrative"
62-1552,1->2,Level 2 ADAS,Unknown,OCT-2021->FEB-2022,other,1,2,OCT-2021,FEB-2022,Automation System Engaged?,SGO-2021-01_Incident_Reports_ADAS.csv,Honda (American Honda Motor Co.),Consumer,Consumer,"Within ODD?: (blank) -> Unknown, see Narrative"
62-1568,1->2,Level 2 ADAS,Unknown,OCT-2021->FEB-2022,other,1,2,OCT-2021,FEB-2022,Automation System Engaged?,SGO-2021-01_Incident_Reports_ADAS.csv,Honda (American Honda Motor Co.),Consumer,Consumer,"Within ODD?: (blank) -> Unknown, see Narrative"
62-1578,1->2,Level 2 ADAS,Unknown,NOV-2021->FEB-2022,other,1,2,NOV-2021,FEB-2022,Automation System Engaged?,SGO-2021-01_Incident_Reports_ADAS.csv,Honda (American Honda Motor Co.),Consumer,Consumer,"Within ODD?: (blank) -> Unknown, see Narrative"
62-1581,1->2,Level 2 ADAS,Unknown,NOV-2021->FEB-2022,other,1,2,NOV-2021,FEB-2022,Automation System Engaged?,SGO-2021-01_Incident_Reports_ADAS.csv,Honda (American Honda Motor Co.),Consumer,Consumer,"Within ODD?: (blank) -> Unknown, see Narrative"
62-1587,1->2,Level 2 ADAS,Unknown,NOV-2021->FEB-2022,other,1,2,NOV-2021,FEB-2022,Automation System Engaged?,SGO-2021-01_Incident_Reports_ADAS.csv,Honda (American Honda Motor Co.),Consumer,Consumer,"Within ODD?: (blank) -> Unknown, see Narrative"
62-1590,1->2,Level 2 ADAS,Unknown,NOV-2021->FEB-2022,other,1,2,NOV-2021,FEB-2022,Automation System Engaged?,SGO-2021-01_Incident_Reports_ADAS.csv,Honda (American Honda Motor Co.),Consumer,Consumer,"Within ODD?: (blank) -> Unknown, see Narrative"
62-1591,1->2,Level 2 ADAS,Unknown,NOV-2021->FEB-2022,other,1,2,NOV-2021,FEB-2022,Automation System Engaged?,SGO-2021-01_Incident_Reports_ADAS.csv,Honda (American Honda Motor Co.),Consumer,Consumer,"Within ODD?: (blank) -> Unknown, see Narrative"
62-1607,1->2,Level 2 ADAS,Unknown,NOV-2021->FEB-2022,other,1,2,NOV-2021,FEB-2022,Automation System Engaged?,SGO-2021-01_Incident_Reports_ADAS.csv,Honda (American Honda Motor Co.),Consumer,Consumer,"Within ODD?: (blank) -> Unknown, see Narrative"
62-1609,1->2,Level 2 ADAS,Unknown,NOV-2021->FEB-2022,other,1,2,NOV-2021,FEB-2022,Automation System Engaged?,SGO-2021-01_Incident_Reports_ADAS.csv,Honda (American Honda Motor Co.),Consumer,Consumer,"Within ODD?: (blank) -> Unknown, see Narrative"
62-1623,1->2,Level 2 ADAS,Unknown,NOV-2021->FEB-2022,other,1,2,NOV-2021,FEB-2022,Automation System Engaged?,SGO-2021-01_Incident_Reports_ADAS.csv,Honda (American Honda Motor Co.),Consumer,Consumer,"Within ODD?: (blank) -> Unknown, see Narrative"
62-1635,1->2,Level 2 ADAS,Unknown,NOV-2021->FEB-2022,other,1,2,NOV-2021,FEB-2022,Automation System Engaged?,SGO-2021-01_Incident_Reports_ADAS.csv,Honda (American Honda Motor Co.),Consumer,Consumer,"Within ODD?: (blank) -> Unknown, see Narrative"
62-1636,1->2,Level 2 ADAS,Unknown,NOV-2021->FEB-2022,other,1,2,NOV-2021,FEB-2022,Automation System Engaged?,SGO-2021-01_Incident_Reports_ADAS.csv,Honda (American Honda Motor Co.),Consumer,Consumer,"Within ODD?: (blank) -> Unknown, see Narrative"
62-1670,1->2,Level 2 ADAS,Unknown,NOV-2021->FEB-2022,other,1,2,NOV-2021,FEB-2022,Automation System Engaged?,SGO-2021-01_Incident_Reports_ADAS.csv,Honda (American Honda Motor Co.),Consumer,Consumer,"Within ODD?: (blank) -> Unknown, see Narrative"
62-1671,1->2,Level 2 ADAS,Unknown,NOV-2021->FEB-2022,other,1,2,NOV-2021,FEB-2022,Automation System Engaged?,SGO-2021-01_Incident_Reports_ADAS.csv,Honda (American Honda Motor Co.),Consumer,Consumer,"Within ODD?: (blank) -> Unknown, see Narrative"
62-1760,1->2,Level 2 ADAS,Unknown,NOV-2021->FEB-2022,other,1,2,NOV-2021,FEB-2022,Automation System Engaged?,SGO-2021-01_Incident_Reports_ADAS.csv,Honda (American Honda Motor Co.),Consumer,Consumer,"Within ODD?: (blank) -> Unknown, see Narrative"
62-1770,1->2,Level 2 ADAS,Unknown,NOV-2021->FEB-2022,other,1,2,NOV-2021,FEB-2022,Automation System Engaged?,SGO-2021-01_Incident_Reports_ADAS.csv,Honda (American Honda Motor Co.),Consumer,Consumer,"Within ODD?: (blank) -> Unknown, see Narrative"
62-1803,1->2,Level 2 ADAS,Unknown,DEC-2021->FEB-2022,other,1,2,DEC-2021,FEB-2022,Automation System Engaged?,SGO-2021-01_Incident_Reports_ADAS.csv,Honda (American Honda Motor Co.),Consumer,Consumer,"Within ODD?: (blank) -> Unknown, see Narrative"
62-1804,1->2,Level 2 ADAS,Unknown,DEC-2021->FEB-2022,other,1,2,DEC-2021,FEB-2022,Automation System Engaged?,SGO-2021-01_Incident_Reports_ADAS.csv,Honda (American Honda Motor Co.),Consumer,Consumer,"Within ODD?: (blank) -> Unknown, see Narrative"
62-1814,1->2,Level 2 ADAS,Unknown,DEC-2021->FEB-2022,other,1,2,DEC-2021,FEB-2022,Automation System Engaged?,SGO-2021-01_Incident_Reports_ADAS.csv,Honda (American Honda Motor Co.),Consumer,Consumer,"Within ODD?: (blank) -> Unknown, see Narrative"
62-1823,1->2,Level 2 ADAS,Unknown,DEC-2021->FEB-2022,other,1,2,DEC-2021,FEB-2022,Automation System Engaged?,SGO-2021-01_Incident_Reports_ADAS.csv,Honda (American Honda Motor Co.),Consumer,Consumer,"Within ODD?: (blank) -> Unknown, see Narrative"
62-1944,1->2,Level 2 ADAS,Unknown,DEC-2021->FEB-2022,other,1,2,DEC-2021,FEB-2022,Automation System Engaged?,SGO-2021-01_Incident_Reports_ADAS.csv,Honda (American Honda Motor Co.),Consumer,Consumer,"Within ODD?: (blank) -> Unknown, see Narrative"
62-2030,1->2,Level 2 ADAS,Unknown,JAN-2022->FEB-2022,other,1,2,JAN-2022,FEB-2022,Automation System Engaged?,SGO-2021-01_Incident_Reports_ADAS.csv,Honda (American Honda Motor Co.),Consumer,Consumer,
669-3126,1->2,Level 2 ADAS,Unknown,JUN-2022->JUN-2022,other,1,2,JUN-2022,JUN-2022,Automation System Engaged?,SGO-2021-01_Incident_Reports_ADAS.csv,Hyundai Motor America,In-Vehicle (Commercial / Test),In-Vehicle (Commercial / Test),
855-1341,4->5,Unknown,Level 2 ADAS,JAN-2022->JUN-2022,other,4,5,JAN-2022,JUN-2022,Automation System Engaged?,SGO-2021-01_Incident_Reports_ADAS.csv,"Mercedes-Benz USA, LLC",Consumer,Consumer,
