Report ID,Reporting Entity,reported_automation_level,phase1_predicted_automation_level,phase1_prediction_confidence,phase2_llm_inferred_automation_level,phase2_inference_backend,phase2_inference_status,phase2_llm_rationale,disagreement_category,review_priority,responsible_use
30270-10660,Waymo LLC,ADS,ADS,0.9996629674324051,Level 2 ADAS,transformers,ok,The Waymo AV was in Level 4 ADS mode but had manually intervened to avoid the collision.,phase1_phase2_disagree,ambiguous,Flags are for human review only; they are not confirmed misclassifications or safety-rate claims.
30270-10923,Waymo LLC,ADS,ADS,0.999720977092835,Level 2 ADAS,transformers,ok,"The Waymo AV was stopped facing east on [XXX] for a stop sign at the intersection at [XXX], waiting for southbound traffic to clear before proceeding to turn right onto [XXX]. The test driver assumed manual control of the Waymo AV and reversed, and the rear of the Waymo AV made contact with the front of a pickup truck stopped directly behind the Waymo AV.",phase1_phase2_disagree,ambiguous,Flags are for human review only; they are not confirmed misclassifications or safety-rate claims.
30270-10964,Waymo LLC,ADS,ADS,0.9999154228529402,Level 2 ADAS,transformers,ok,The Waymo AV was stopped in autonomous mode when the incident occurred.,phase1_phase2_disagree,ambiguous,Flags are for human review only; they are not confirmed misclassifications or safety-rate claims.
30270-10969,Waymo LLC,ADS,ADS,0.9999063564394863,Level 2 ADAS,transformers,ok,The Waymo Autonomous Vehicle was in autonomous mode when the incident occurred.,phase1_phase2_disagree,ambiguous,Flags are for human review only; they are not confirmed misclassifications or safety-rate claims.
30270-11016,Waymo LLC,ADS,ADS,0.9999205073013424,Level 2 ADAS,transformers,ok,The Waymo AV was in autonomous mode when the incident occurred.,phase1_phase2_disagree,ambiguous,Flags are for human review only; they are not confirmed misclassifications or safety-rate claims.
30270-11019,Waymo LLC,ADS,ADS,0.9999405918783478,Level 2 ADAS,transformers,ok,The Waymo AV was reported to be in autonomous mode and engaged in Level 4 ADS.,phase1_phase2_disagree,ambiguous,Flags are for human review only; they are not confirmed misclassifications or safety-rate claims.
30270-11066,Waymo LLC,ADS,ADS,0.9999219793037478,Level 2 ADAS,transformers,ok,The Waymo Autonomous Vehicle was engaged in autonomous mode when the collision occurred.,phase1_phase2_disagree,ambiguous,Flags are for human review only; they are not confirmed misclassifications or safety-rate claims.
30610-10294,"Zoox, Inc.",ADS,ADS,0.9927206384741182,Level 2 ADAS,transformers,ok,"The narrative describes a Zoox vehicle in autonomous mode attempting to make a left turn while yielding to cross traffic. It mentions that the operator disengaged from autonomy due to hand gestures from a stopped bus, indicating partial control over the vehicle.",phase1_phase2_disagree,ambiguous,Flags are for human review only; they are not confirmed misclassifications or safety-rate claims.
30610-10473,"Zoox, Inc.",ADS,ADS,0.9999238778229758,Level 2 ADAS,transformers,ok,"The narrative describes a situation where a Zoox vehicle (Vehicle 1) was anticipating a left-turning vehicle (Vehicle 2) and braking to avoid collision. However, instead of continuing its intended path, Vehicle 2 stopped fully yielding to Vehicle 1. This indicates that the driver of Vehicle 2 did not have full control over their vehicle, suggesting they were using some form of autonomous assistance provided by the vehicle's technology.",phase1_phase2_disagree,ambiguous,Flags are for human review only; they are not confirmed misclassifications or safety-rate claims.
30270-10859,Waymo LLC,ADS,ADS,0.9999392335516624,ADS,transformers,ok,The Waymo Autonomous Vehicle was reported to be in autonomous mode when the incident occurred.,all_agree,low,Flags are for human review only; they are not confirmed misclassifications or safety-rate claims.
30270-10860,Waymo LLC,ADS,ADS,0.9998998254807828,ADS,transformers,ok,The Waymo Autonomous Vehicle was in autonomous mode when the incident occurred.,all_agree,low,Flags are for human review only; they are not confirmed misclassifications or safety-rate claims.
30270-10861,Waymo LLC,ADS,ADS,0.9998919397962733,ADS,transformers,ok,The Waymo Autonomous Vehicle ('Waymo AV') was reported to be in autonomous mode while engaging in an incident.,all_agree,low,Flags are for human review only; they are not confirmed misclassifications or safety-rate claims.
30270-10886,Waymo LLC,ADS,ADS,0.9999154228529402,ADS,transformers,ok,The Waymo Autonomous Vehicle was engaged in autonomous mode when the incident occurred.,all_agree,low,Flags are for human review only; they are not confirmed misclassifications or safety-rate claims.
30270-10888,Waymo LLC,ADS,ADS,0.9999299522535753,ADS,transformers,ok,The Waymo Autonomous Vehicle ('Waymo AV') was reported to be in autonomous mode when the incident occurred.,all_agree,low,Flags are for human review only; they are not confirmed misclassifications or safety-rate claims.
30270-10889,Waymo LLC,ADS,ADS,0.9999207825138386,ADS,transformers,ok,The Waymo Autonomous Vehicle ('Waymo AV') was in autonomous mode while engaging in an incident where it collided with a passenger car.,all_agree,low,Flags are for human review only; they are not confirmed misclassifications or safety-rate claims.
30270-10890,Waymo LLC,ADS,ADS,0.9999255659982562,ADS,transformers,ok,The Waymo Autonomous Vehicle ('Waymo AV') was reported to be operating in autonomous mode when the incident occurred.,all_agree,low,Flags are for human review only; they are not confirmed misclassifications or safety-rate claims.
30270-10894,Waymo LLC,ADS,ADS,0.9997768203461568,ADS,transformers,ok,The Waymo Autonomous Vehicle ('Waymo AV') was reported to be operating in autonomous mode when it collided with the SUV.,all_agree,low,Flags are for human review only; they are not confirmed misclassifications or safety-rate claims.
30270-10897,Waymo LLC,ADS,ADS,0.9998800692252076,ADS,transformers,ok,The Waymo Autonomous Vehicle was reported to be in autonomous mode when the collision occurred.,all_agree,low,Flags are for human review only; they are not confirmed misclassifications or safety-rate claims.
30270-10917,Waymo LLC,ADS,ADS,0.9998699835319861,ADS,transformers,ok,The Waymo Autonomous Vehicle ('Waymo AV') was in autonomous mode when it collided with the reversing SUV.,all_agree,low,Flags are for human review only; they are not confirmed misclassifications or safety-rate claims.
30270-10918,Waymo LLC,ADS,ADS,0.9996151981199614,ADS,transformers,ok,The Waymo Autonomous Vehicle was reported to be in autonomous mode when the incident occurred.,all_agree,low,Flags are for human review only; they are not confirmed misclassifications or safety-rate claims.
30270-10919,Waymo LLC,ADS,ADS,0.9999397188572086,ADS,transformers,ok,The Waymo Autonomous Vehicle ('Waymo AV') was reported to be operating in autonomous mode.,all_agree,low,Flags are for human review only; they are not confirmed misclassifications or safety-rate claims.
30270-10920,Waymo LLC,ADS,ADS,0.9999275040392414,ADS,transformers,ok,The Waymo Autonomous Vehicle was reported to be in autonomous mode when the incident occurred.,all_agree,low,Flags are for human review only; they are not confirmed misclassifications or safety-rate claims.
30270-10921,Waymo LLC,ADS,ADS,0.9999405918783478,ADS,transformers,ok,The Waymo Autonomous Vehicle ('Waymo AV') was reported to be in autonomous mode when the collision occurred.,all_agree,low,Flags are for human review only; they are not confirmed misclassifications or safety-rate claims.
30270-10924,Waymo LLC,ADS,ADS,0.9998992543456694,ADS,transformers,ok,The Waymo Autonomous Vehicle ('Waymo AV') was reported to be in autonomous mode when the incident occurred.,all_agree,low,Flags are for human review only; they are not confirmed misclassifications or safety-rate claims.
30270-10925,Waymo LLC,ADS,ADS,0.9998960961780993,ADS,transformers,ok,The Waymo Autonomous Vehicle was reported to be in autonomous mode when the incident occurred.,all_agree,low,Flags are for human review only; they are not confirmed misclassifications or safety-rate claims.
30270-10928,Waymo LLC,ADS,ADS,0.9999379948650841,ADS,transformers,ok,The Waymo Autonomous Vehicle ('Waymo AV') was reported to be in autonomous mode when the incident occurred.,all_agree,low,Flags are for human review only; they are not confirmed misclassifications or safety-rate claims.
30270-10946,Waymo LLC,ADS,ADS,0.9999410426904202,ADS,transformers,ok,The Waymo Autonomous Vehicle was in autonomous mode when it collided with the heavy truck.,all_agree,low,Flags are for human review only; they are not confirmed misclassifications or safety-rate claims.
30270-10953,Waymo LLC,ADS,ADS,0.9999130094876425,ADS,transformers,ok,The Waymo Autonomous Vehicle ('Waymo AV') was reported to be in autonomous mode when the incident occurred.,all_agree,low,Flags are for human review only; they are not confirmed misclassifications or safety-rate claims.
30270-10954,Waymo LLC,ADS,ADS,0.9997573031739818,ADS,transformers,ok,The Waymo Autonomous Vehicle ('Waymo AV') was reported to be operating in autonomous mode when the incident occurred.,all_agree,low,Flags are for human review only; they are not confirmed misclassifications or safety-rate claims.
30270-10955,Waymo LLC,ADS,ADS,0.9999369680525412,ADS,transformers,ok,The Waymo Autonomous Vehicle was reported to be in autonomous mode when the incident occurred.,all_agree,low,Flags are for human review only; they are not confirmed misclassifications or safety-rate claims.
30270-10956,Waymo LLC,ADS,ADS,0.9998897321134587,ADS,transformers,ok,The Waymo Autonomous Vehicle ('Waymo AV') was reported to be operating in autonomous mode when the incident occurred.,all_agree,low,Flags are for human review only; they are not confirmed misclassifications or safety-rate claims.
30270-10961,Waymo LLC,ADS,ADS,0.9999404410209605,ADS,transformers,ok,The Waymo Autonomous Vehicle ('Waymo AV') was reported to be operating in autonomous mode when the incident occurred.,all_agree,low,Flags are for human review only; they are not confirmed misclassifications or safety-rate claims.
30270-10962,Waymo LLC,ADS,ADS,0.9998772924851755,ADS,transformers,ok,The Waymo Autonomous Vehicle was reported to be in autonomous mode when the incident occurred.,all_agree,low,Flags are for human review only; they are not confirmed misclassifications or safety-rate claims.
30270-10968,Waymo LLC,ADS,ADS,0.9999300240144602,ADS,transformers,ok,The Waymo Autonomous Vehicle ('Waymo AV') was reported to be in autonomous mode when the incident occurred.,all_agree,low,Flags are for human review only; they are not confirmed misclassifications or safety-rate claims.
30270-10970,Waymo LLC,ADS,ADS,0.9999227233315003,ADS,transformers,ok,The Waymo Autonomous Vehicle was in autonomous mode when the incident occurred.,all_agree,low,Flags are for human review only; they are not confirmed misclassifications or safety-rate claims.
30270-10972,Waymo LLC,ADS,ADS,0.9999248869535746,ADS,transformers,ok,The Waymo Autonomous Vehicle ('Waymo AV') was reported to be operating in autonomous mode during the incident.,all_agree,low,Flags are for human review only; they are not confirmed misclassifications or safety-rate claims.
30270-10973,Waymo LLC,ADS,ADS,0.9999402457947091,ADS,transformers,ok,The Waymo Autonomous Vehicle ('Waymo AV') was operating in autonomous mode when the incident occurred.,all_agree,low,Flags are for human review only; they are not confirmed misclassifications or safety-rate claims.
30270-10974,Waymo LLC,ADS,ADS,0.9998921067202302,ADS,transformers,ok,The Waymo Autonomous Vehicle ('Waymo AV') was reported to be operating in autonomous mode when the incident occurred.,all_agree,low,Flags are for human review only; they are not confirmed misclassifications or safety-rate claims.
30270-10975,Waymo LLC,ADS,ADS,0.9999299522535753,ADS,transformers,ok,The Waymo Autonomous Vehicle ('Waymo AV') was reported to be operating in autonomous mode when the incident occurred.,all_agree,low,Flags are for human review only; they are not confirmed misclassifications or safety-rate claims.
30270-10976,Waymo LLC,ADS,ADS,0.9999397188572086,ADS,transformers,ok,The Waymo Autonomous Vehicle was reported to be in autonomous mode when the incident occurred.,all_agree,low,Flags are for human review only; they are not confirmed misclassifications or safety-rate claims.
30270-11001,Waymo LLC,ADS,ADS,0.999899706413624,ADS,transformers,ok,The Waymo Autonomous Vehicle ('Waymo AV') was operating in autonomous mode and engaging in Level 4 Automated Driving System (ADS).,all_agree,low,Flags are for human review only; they are not confirmed misclassifications or safety-rate claims.
30270-11002,Waymo LLC,ADS,ADS,0.9999392782509172,ADS,transformers,ok,The Waymo Autonomous Vehicle ('Waymo AV') was reported to be in autonomous mode when the incident occurred.,all_agree,low,Flags are for human review only; they are not confirmed misclassifications or safety-rate claims.
30270-11010,Waymo LLC,ADS,ADS,0.999927225012294,ADS,transformers,ok,The Waymo Autonomous Vehicle ('Waymo AV') was operating in autonomous mode and engaging in Level 4 ADS.,all_agree,low,Flags are for human review only; they are not confirmed misclassifications or safety-rate claims.
30270-11014,Waymo LLC,ADS,ADS,0.9999409311393078,ADS,transformers,ok,The Waymo Autonomous Vehicle (AV) was reported to be in autonomous mode when the incident occurred.,all_agree,low,Flags are for human review only; they are not confirmed misclassifications or safety-rate claims.
30270-11035,Waymo LLC,ADS,ADS,0.9999405918783478,ADS,transformers,ok,The Waymo Autonomous Vehicle ('Waymo AV') was reported to be in autonomous mode while engaging in an incident where it had to stop and reverse to avoid colliding with another vehicle.,all_agree,low,Flags are for human review only; they are not confirmed misclassifications or safety-rate claims.
30270-11062,Waymo LLC,ADS,ADS,0.9996223599562806,ADS,transformers,ok,The Waymo Autonomous Vehicle ('Waymo AV') was operating in autonomous mode and engaging in Level 4 ADS.,all_agree,low,Flags are for human review only; they are not confirmed misclassifications or safety-rate claims.
30270-11063,Waymo LLC,ADS,ADS,0.9999405918783478,ADS,transformers,ok,The Waymo Autonomous Vehicle ('Waymo AV') was reported to be in autonomous mode when the incident occurred.,all_agree,low,Flags are for human review only; they are not confirmed misclassifications or safety-rate claims.
30270-11067,Waymo LLC,ADS,ADS,0.9999392782509172,ADS,transformers,ok,The Waymo Autonomous Vehicle ('Waymo AV') was reported to be operating in autonomous mode when the incident occurred.,all_agree,low,Flags are for human review only; they are not confirmed misclassifications or safety-rate claims.
30270-11085,Waymo LLC,ADS,ADS,0.9999402611755845,ADS,transformers,ok,The Waymo Autonomous Vehicle was reported to be in autonomous mode when the collision occurred.,all_agree,low,Flags are for human review only; they are not confirmed misclassifications or safety-rate claims.
30270-11087,Waymo LLC,ADS,ADS,0.9998854554170198,ADS,transformers,ok,The Waymo Autonomous Vehicle ('Waymo AV') was reported to be in autonomous mode when the incident occurred.,all_agree,low,Flags are for human review only; they are not confirmed misclassifications or safety-rate claims.
